user_id,cohort,days_since_last_login,avg_completion_rate,assessment_participation_ratio,forum_posts_last_30d,video_watch_ratio,streak_days,is_at_risk,age_bracket,employment_status,has_dependents,device_primary
STU-95CD34,healthy,11,0.7256120477738189,0.6631677135865458,5,0.5902053714000498,76,0,35-44,unemployed,False,desktop
STU-6C24B6,healthy,1,0.5298234454814578,0.7749281046332978,21,0.7010991532010644,77,0,45+,full_time,False,desktop
STU-B20B03,seasonal_churn,26,0.6939656185776892,0.20803288818879667,3,0.24441430371120337,2,1,35-44,full_time,True,desktop
STU-98346C,struggling,7,0.6488142796050194,0.3926402873112991,3,0.5244311431979143,13,0,45+,student,False,mobile
STU-D5A9A1,healthy,3,0.8379272890011005,0.7195348739459302,23,0.8852335891901516,51,0,25-34,full_time,False,desktop
STU-3E33EC,struggling,14,0.5234815340319272,0.3747904835308862,1,0.47215878238458353,13,0,45+,part_time,True,mobile
STU-048563,healthy,2,0.6520183919784263,0.8648522779920966,12,0.8571384199647286,70,0,25-34,unemployed,False,mobile
STU-095C0B,healthy,12,0.918976601857289,0.7092345458527871,15,1.0,7,0,35-44,student,False,desktop
STU-DE1CD5,healthy,7,0.5940752933106384,0.7190758666892417,4,0.8481132977238667,19,0,18-24,part_time,False,desktop
STU-9532EF,healthy,10,0.6241839318249739,0.7728173657962591,6,0.7350939202262758,45,0,18-24,student,False,mobile
STU-A9A9EB,struggling,19,0.48858751661351135,0.1421670966430834,0,0.5761246605763577,1,0,25-34,full_time,False,mobile
STU-4313FE,healthy,5,0.743820363321103,0.550067182422973,8,0.772388093890044,4,0,35-44,student,False,mobile
STU-4AFF19,at_risk,48,0.26637244276090893,0.1780843264772804,1,0.17568968135036825,2,1,18-24,part_time,False,mobile
STU-19CCDE,healthy,9,0.613150798002489,0.8591862586805253,7,0.7919565374744876,9,0,35-44,student,False,mobile
STU-067393,healthy,11,0.5230717674352635,0.7380113246696007,12,0.8861455713608872,45,0,18-24,student,False,desktop
STU-41B0D3,healthy,12,0.8547463458147562,1.0,24,0.9952603881341009,3,0,25-34,part_time,False,desktop
STU-0F2F9B,struggling,14,0.3815029825060811,0.4763985085102556,0,0.4282257389403299,11,0,45+,student,False,desktop
STU-D90911,healthy,2,0.5844405579449024,0.6432736874043691,7,0.6475137523407397,57,0,35-44,part_time,False,desktop
STU-43E24A,healthy,1,0.5741342004976281,0.8673947735472242,19,0.7961388948380199,35,0,18-24,student,False,desktop
STU-2ED4A3,healthy,1,0.8762372277096024,0.5377718554591807,14,0.8403666057648418,38,0,35-44,part_time,False,desktop
STU-70B394,healthy,1,0.7389508990766378,0.6128663268855291,12,0.6581892059261216,6,0,35-44,student,True,desktop
STU-E76477,healthy,8,1.0,0.7553036214963086,22,0.8003274288733039,45,0,35-44,student,False,desktop
STU-2E63D7,ghost,90,0.0,0.0,0,0.09704210404139053,0,1,25-34,part_time,False,mobile
STU-565B2C,healthy,12,0.5811631245681564,0.6550935026937474,24,1.0,45,0,25-34,full_time,False,desktop
STU-A07164,healthy,3,0.8907271055677818,0.6524083816420625,16,0.9459713479062187,43,0,18-24,full_time,False,mobile
STU-D0C881,at_risk,38,0.11935381017397625,0.01235286695853479,0,0.11334237506553518,0,1,25-34,student,True,mobile
STU-693A87,healthy,1,0.5401809368050731,0.8665766517327651,7,0.7486047046660645,38,0,25-34,student,False,mobile
STU-C07259,healthy,11,0.5991260805945664,0.4489502889070859,19,0.8337616696688488,27,0,25-34,part_time,False,desktop
STU-EDF81F,seasonal_churn,15,0.44893155953222397,0.29247810705698074,3,0.3518689026747129,3,1,25-34,unemployed,True,desktop
STU-C2E498,healthy,6,0.9198939920930743,0.610533079991047,15,0.6802298682789044,78,0,25-34,part_time,False,mobile
STU-AC1F4D,healthy,11,0.659170597812847,0.6276925967383461,17,0.7251265347672722,7,0,35-44,full_time,False,desktop
STU-4C5277,struggling,18,0.38712218410013877,0.3033884160077406,2,0.24329842854117423,8,0,18-24,part_time,True,desktop
STU-F68BC2,healthy,7,0.5162243784034592,0.7665510988408644,1,0.5648628050002356,23,0,18-24,student,False,desktop
STU-03CD08,healthy,13,0.651318540662323,0.7249539548219115,4,0.9800592800297837,41,0,18-24,part_time,False,desktop
STU-AA02DC,healthy,7,0.5619465767955449,0.613419339913054,18,0.7305787640081424,56,0,35-44,student,False,mobile
STU-BD47D2,healthy,7,0.7680368431271085,0.6066138055293946,7,0.5961990884486487,9,0,45+,student,False,mobile
STU-C79715,healthy,10,0.752258258303638,0.7624092345438234,21,0.9447104684975047,68,0,18-24,student,True,desktop
STU-9C34AB,healthy,9,0.5705519095139145,0.9618802900304428,10,0.85354238500414,19,0,35-44,full_time,False,desktop
STU-F63070,at_risk,24,0.2756200935085256,0.11072690750761525,1,0.09629942914818758,3,1,45+,part_time,False,desktop
STU-455EDD,at_risk,24,0.2668954397803682,0.24086091269792617,0,0.125190006697476,0,1,45+,unemployed,False,mobile
STU-0E46AF,struggling,17,0.39261862381287105,0.33080870692447584,1,0.2794051494754353,0,0,18-24,part_time,False,mobile
STU-1AE127,healthy,9,0.7848727153710597,0.9063975324830422,9,0.6779005510658558,52,0,18-24,full_time,False,desktop
STU-F93F0F,healthy,11,0.807546103826364,0.7919384135067645,24,0.8732516450179799,3,0,25-34,student,False,mobile
STU-DBF39E,healthy,13,0.9592171506291249,0.8815413745389221,18,0.5083139277014214,38,0,25-34,part_time,False,mobile
STU-9E4221,healthy,6,0.780566947590408,0.5676275967856601,12,0.8695875965220966,38,0,35-44,student,False,desktop
STU-9E1534,healthy,9,0.6581833228555604,0.5763986837117493,4,0.8384796667127616,46,0,18-24,part_time,False,mobile
STU-01364D,healthy,7,0.702003814429352,0.779568985512487,18,0.9689492828127013,64,0,18-24,unemployed,False,mobile
STU-775FF4,healthy,4,1.0,0.64136666150632,21,0.7152743439083197,73,0,25-34,part_time,False,desktop
STU-42DAE2,healthy,10,0.903266901066008,0.6557935112392762,24,0.7932752030984438,6,0,25-34,full_time,False,desktop
STU-3F991A,healthy,3,0.5699213240026658,0.8759356084751628,3,0.6628572968075516,34,0,18-24,full_time,False,mobile
STU-0E6847,healthy,11,0.742347116413764,0.7041456909962556,21,0.7214099785352039,45,0,35-44,full_time,False,desktop
STU-6822F4,at_risk,52,0.04532828091494779,0.0,0,0.008823280620510611,3,1,18-24,unemployed,False,mobile
STU-8659BB,healthy,10,0.8376396545955717,0.6418239052413163,11,0.8152084831140488,83,0,35-44,full_time,False,mobile
STU-1372D2,healthy,10,0.737860831481418,0.6134688804401277,24,0.6657988526213217,7,0,35-44,full_time,False,mobile
STU-E07FCA,healthy,6,0.6452119369686281,0.7062850801591581,8,0.6997016410308149,85,0,25-34,full_time,False,desktop
STU-54BCD0,healthy,7,0.9709413475265675,0.8626961234114258,1,0.5583146803589425,3,0,35-44,student,False,mobile
STU-A3D052,healthy,11,0.7019131204271666,0.9896660345113816,24,0.6604923304804827,31,0,35-44,part_time,False,mobile
STU-53AD10,at_risk,29,0.2403505519148985,0.24183209253768773,1,0.19700796729357728,2,1,25-34,student,True,mobile
STU-F8261B,healthy,7,0.96513579067959,0.6335053755429648,14,0.5272134234877154,72,0,18-24,full_time,False,desktop
STU-EFE3BA,healthy,6,0.8797312699557562,0.4726007298798132,10,0.7715776557834402,24,0,18-24,full_time,False,mobile
STU-FE9FEA,healthy,4,0.951390704203418,0.6118388383561831,7,0.8973854028703621,36,0,25-34,unemployed,False,desktop
STU-8535E4,at_risk,22,0.09294424535670667,0.1461105534551661,1,0.08975056701796202,1,1,25-34,student,False,desktop
STU-11B629,healthy,8,1.0,0.5328105643236533,12,0.6143509867970708,86,0,45+,full_time,False,mobile
STU-CC2C7E,healthy,10,0.6550914162100937,0.7972747942950981,9,0.7532211346306581,83,0,18-24,part_time,False,desktop
STU-C9580B,healthy,13,0.6040225104492885,0.7596261852916654,18,0.6307729573447493,36,0,45+,full_time,False,mobile
STU-2031E0,healthy,6,0.5799904425362171,0.9296102980232795,24,0.9190893738330054,18,0,18-24,part_time,True,desktop
STU-33C9E8,at_risk,39,0.19239074726662583,0.1986600134707067,0,0.29568388249155697,1,1,18-24,part_time,False,mobile
STU-C0F6CF,healthy,2,0.9032102462377861,0.7319764158453858,14,0.6131146209935664,25,0,35-44,full_time,True,desktop
STU-7350F1,seasonal_churn,25,0.5279538442624727,0.2995529237511891,3,0.34126478340859545,3,1,35-44,part_time,False,mobile
STU-A03E4D,healthy,2,0.9698611867488568,0.7122837283634657,4,1.0,7,0,18-24,part_time,False,desktop
STU-4C33E5,healthy,7,0.7056618194623789,0.7358113111313862,24,1.0,73,0,18-24,student,False,desktop
STU-966E9E,healthy,5,0.7587559766402574,0.8394445881338062,7,0.6025775928035576,57,0,35-44,student,False,mobile
STU-4C84A9,healthy,11,0.68907029296863,0.6495673554578077,24,0.632576106906133,4,0,45+,full_time,False,desktop
STU-4F22A6,healthy,13,0.774250627829783,0.8263168387267786,6,0.9451101889638297,6,0,35-44,unemployed,False,mobile
STU-6A855A,healthy,1,0.763236453578931,0.8993072638314161,14,0.6937849842431063,55,0,35-44,student,True,desktop
STU-A66664,healthy,12,0.9604194098347024,0.8722543090674668,0,0.7488422894565196,25,0,25-34,unemployed,False,mobile
STU-CE5D4C,healthy,5,0.6546718134569246,0.5123273405821251,12,0.9584891435922067,62,0,25-34,full_time,True,mobile
STU-E22EEC,healthy,2,0.46713369025297846,0.7858188565224727,6,0.6569622147152874,35,0,25-34,unemployed,True,desktop
STU-4A4259,at_risk,57,0.17233169314374996,0.24672411844147404,0,0.007431621814757705,1,1,25-34,student,False,desktop
STU-84C118,struggling,7,0.3638787091539956,0.36938983247854146,3,0.3311984713630994,1,0,18-24,part_time,True,desktop
STU-87EFF0,healthy,13,0.7622979647598583,0.6909402442551776,21,0.6999426968857904,70,0,45+,part_time,False,desktop
STU-323A6E,healthy,0,0.8359860153653381,0.8185224816988472,3,0.5164492420214639,31,0,25-34,unemployed,False,desktop
STU-AEF472,struggling,19,0.31159833530939274,0.35560113123882625,4,0.3128299865702152,4,0,35-44,full_time,False,desktop
STU-B5A506,ghost,90,,0.024118268900733455,0,0.0657650038697029,0,1,35-44,student,True,mobile
STU-658CD7,struggling,9,0.5202615458394845,0.4599653005003088,0,0.4906091147559736,2,0,35-44,part_time,True,desktop
STU-FCF7AB,healthy,1,0.8479562764847941,0.9124914041062723,3,0.951480741678809,27,0,25-34,part_time,False,desktop
STU-16F924,healthy,1,0.5775269801960924,0.8305334114526866,17,0.7535499001531237,17,0,25-34,unemployed,True,desktop
STU-223B0A,struggling,11,0.4187383781873905,0.3799525953879213,4,0.6393676717358947,12,0,25-34,student,False,desktop
STU-E7AE60,healthy,3,0.8767886059880198,0.7362744441518257,6,0.7120784911905773,22,0,18-24,part_time,False,mobile
STU-B163EB,healthy,11,0.9682873302823088,0.7876180625633006,20,0.6748451381157875,40,0,18-24,student,False,desktop
STU-4B2040,healthy,13,0.8920360981781844,0.9458058112666485,12,0.6553717406432399,10,0,18-24,part_time,False,desktop
STU-E95699,at_risk,43,0.16497191911962814,0.006513383708902316,1,0.00722614668860571,1,1,35-44,full_time,False,mobile
STU-936EC3,healthy,2,0.8927929371517693,0.8835806049465421,22,0.7960098045356184,64,0,18-24,student,False,mobile
STU-F1F708,at_risk,24,0.3104337220741317,0.19334437000980542,0,0.2314245413347732,4,1,18-24,full_time,False,desktop
STU-B11BCE,healthy,8,0.625798323380867,0.7669754561883423,9,0.7673092322311827,57,0,18-24,part_time,True,desktop
STU-FBDE0D,healthy,9,0.7160431375247462,0.7987169423410301,3,0.6299831805424417,32,0,25-34,full_time,False,desktop
STU-2C66C7,healthy,8,0.869347445077177,0.7641788128622901,24,0.7655482299580165,12,0,25-34,unemployed,True,desktop
STU-6EFA57,healthy,7,0.8469739492702894,0.800923311172912,17,0.9419242301790178,29,0,25-34,student,False,desktop
STU-E09236,struggling,16,0.3973506849261352,0.4659753791506059,0,0.42231517558160303,1,0,25-34,full_time,False,desktop
STU-4C8350,healthy,7,1.0,0.9983227519531711,20,0.7003292689501865,67,0,18-24,part_time,False,desktop
STU-8F46E0,healthy,3,0.8377113151798983,0.5618331428503988,2,0.8713865781539077,86,0,18-24,student,False,desktop
STU-BCCE13,healthy,11,0.6373328354903575,0.7503264493364993,15,0.7912494606461871,87,0,18-24,part_time,False,desktop
STU-B73B7E,healthy,7,0.8658269879814745,1.0,15,0.8198930256333852,49,0,25-34,part_time,False,mobile
STU-1E9432,healthy,7,0.8848062377402938,0.569425152724243,16,0.9536560495564264,10,0,25-34,student,False,desktop
STU-6DAF9D,healthy,1,0.7502105719775809,0.6079937148543095,13,0.6568608458796776,12,0,25-34,student,True,mobile
STU-872662,struggling,11,0.4498324084059843,0.37736125222621436,2,0.40372737648627627,3,0,25-34,full_time,False,mobile
STU-CD2C48,healthy,12,0.8815492337864109,0.8403917604422093,12,0.7338330831405953,49,0,25-34,full_time,False,mobile
STU-A3757C,at_risk,23,0.06941205982068539,0.16882352546391347,1,0.22528556176017783,2,1,25-34,student,False,mobile
STU-EF3E0D,healthy,2,0.6415054869359149,0.5794603043879043,5,0.7052612116775958,69,0,25-34,full_time,False,desktop
STU-D44CC1,healthy,13,0.861332680930761,0.47888983216130526,19,0.8277767530073064,51,0,25-34,unemployed,True,mobile
STU-89A9F4,healthy,13,0.828206004867266,0.6355711715847343,15,0.8123739381616334,54,0,18-24,part_time,False,mobile
STU-C1CEAE,healthy,6,0.6817067566169959,0.6124806304588959,5,0.5750648995736577,41,0,18-24,student,False,desktop
STU-A3D21C,healthy,0,0.6512373359229858,0.45969080524518335,1,0.7844962870983083,45,0,25-34,part_time,False,mobile
STU-58FB38,healthy,9,0.8260893078154098,0.7723909255724477,21,0.6446468023204024,12,0,18-24,part_time,True,desktop
STU-517C5A,struggling,11,0.4772396004369106,0.2643716030397318,3,0.3222484865084563,8,0,35-44,part_time,False,mobile
STU-CDA69E,struggling,17,0.44514643691571015,0.4632681553160246,1,0.612263554368442,11,0,25-34,student,False,mobile
STU-98231F,healthy,10,0.9551869624970711,0.9131734560149676,20,0.9797635106534693,71,0,18-24,full_time,False,mobile
STU-42291B,healthy,5,0.8264280571755647,0.7282108527976484,20,0.7757572014786852,4,0,18-24,full_time,False,desktop
STU-F88182,healthy,6,0.6653300150758709,0.5808957826421084,1,0.9995243196122597,84,0,25-34,student,False,mobile
STU-1DADD6,struggling,17,0.634315646936668,0.4055835831087343,1,0.6354872639808873,3,0,25-34,full_time,False,desktop
STU-3D88E7,healthy,6,0.7974725433148607,0.5668042775938354,20,0.8543102170094053,83,0,18-24,student,False,mobile
STU-F526F1,healthy,10,0.9215809171529771,0.5285948007713437,15,1.0,76,0,35-44,student,True,desktop
STU-29C2D4,seasonal_churn,17,0.4042476250288305,0.24455338820621325,3,0.46077269503964785,0,1,25-34,full_time,False,desktop
STU-69614A,struggling,18,0.5178693724818466,0.5005015733625485,2,0.2984071513903091,0,0,18-24,part_time,False,mobile
STU-0AB723,healthy,2,0.6496731783850597,0.9646577379293253,15,0.9835574668890302,12,0,25-34,student,False,desktop
STU-0D29D9,healthy,1,0.7261432074598152,0.8536941763377985,6,0.9264337208064666,9,0,25-34,unemployed,True,desktop
STU-634670,at_risk,49,0.34899692540417476,0.2308709716658049,0,0.14010612294136565,4,1,18-24,student,False,mobile
STU-67132D,healthy,9,0.9796871483306382,0.8830109440444349,24,0.6561378924698241,6,0,25-34,full_time,False,desktop
STU-519B24,healthy,13,0.8196536563451042,0.9485902509872534,3,0.6586536303036544,6,0,18-24,student,False,desktop
STU-126D4C,struggling,18,0.4780179407087316,0.5208697243910417,0,0.5807998513541951,10,0,18-24,part_time,False,mobile
STU-395A20,healthy,0,0.50285289940026,0.536073168946168,1,0.674623391687653,14,0,25-34,student,False,desktop
STU-453845,healthy,11,1.0,0.8618220611855881,18,0.9412698409856088,16,0,35-44,full_time,True,mobile
STU-2EB576,healthy,10,0.6164873319119055,0.9581556744020213,21,0.5847888093542819,76,0,25-34,student,True,desktop
STU-306370,healthy,13,0.8317193719503365,0.5820258401267113,18,0.5432449130072757,32,0,18-24,unemployed,False,mobile
STU-47F752,healthy,3,0.7979725485876428,1.0,8,0.7410805815573754,59,0,18-24,student,False,mobile
STU-A4D9B0,healthy,11,0.9429542658644174,0.895195523042092,20,0.5906612004369586,32,0,35-44,full_time,True,desktop
STU-948B9F,healthy,5,0.5333020848217307,0.8972559110041903,6,0.6914061893979117,44,0,18-24,full_time,False,desktop
STU-6DCA43,seasonal_churn,14,0.3963364209630033,0.31577677598285325,2,0.4752220860924415,1,1,45+,full_time,False,mobile
STU-1DE202,healthy,5,0.9512945120379553,0.8677225504959141,0,0.8035299330153591,29,0,25-34,student,False,desktop
STU-08F86E,healthy,1,1.0,0.7665918347975954,13,0.9488387184804425,78,0,25-34,part_time,False,desktop
STU-566CED,healthy,5,0.716629871641238,0.9118756776300532,6,0.8128486317916694,4,0,45+,full_time,False,desktop
STU-807D0C,struggling,11,0.36192870109822617,0.5378578148530314,3,0.5453465280142346,2,0,18-24,part_time,False,mobile
STU-115C45,healthy,5,0.6185213748235427,0.7108125256382865,0,0.9242290568519577,34,0,25-34,full_time,False,desktop
STU-F448E8,healthy,10,0.8036403029044943,0.9271839768512863,11,0.9899947665819123,58,0,35-44,student,True,desktop
STU-9EC1CB,healthy,2,0.5895392569900727,0.7217254775489532,7,0.9427512685652767,71,0,25-34,student,False,mobile
STU-AE6C46,healthy,2,0.6007021064256682,0.6757749709179383,19,0.763011164394291,3,0,45+,student,False,desktop
STU-2B8B54,healthy,10,0.8214747751197994,0.6770334662436686,23,1.0,65,0,25-34,part_time,False,mobile
STU-56A05F,healthy,9,0.9263113858834162,0.7534400217134284,14,0.742414261838637,54,0,18-24,part_time,False,desktop
STU-A0BFFE,ghost,90,0.0,0.0,0,0.0,0,1,45+,full_time,False,mobile
STU-83AFD5,healthy,5,0.7484524333971296,0.7890525039357813,5,0.9205039483415515,64,0,45+,student,False,desktop
STU-E16695,healthy,6,0.9732990318932442,0.5914211476972289,9,0.7476842154165695,36,0,18-24,student,False,desktop
STU-1A3E55,healthy,6,0.8586237484169457,0.9235860474434037,17,0.9119232859406246,27,0,18-24,full_time,False,desktop
STU-1F63DE,healthy,8,0.7459945301614586,0.758752942884067,20,0.9016609777475255,46,0,35-44,student,True,desktop
STU-B401AB,healthy,3,0.7442050081568665,0.7064793447625614,15,0.7627437677331675,86,0,25-34,full_time,False,mobile
STU-503F11,healthy,9,0.8698455531253463,0.6247259640943116,6,0.9941398468928143,28,0,25-34,part_time,False,mobile
STU-5333F3,at_risk,41,0.06221479696944848,0.18359488932942084,1,0.0,3,1,45+,part_time,False,mobile
STU-ED357B,healthy,1,0.8846230048275384,0.5578317471436852,5,0.7804316206131026,78,0,18-24,part_time,False,mobile
STU-9DCE33,at_risk,21,0.20518768363157477,0.061386709165151286,0,0.2930715290381313,2,1,18-24,full_time,False,mobile
STU-1332E1,healthy,7,0.4593586355462431,0.7068766870737365,16,0.6154306662044371,3,0,18-24,student,False,desktop
STU-93760A,healthy,7,0.7505125447148564,0.5236357546847665,21,0.665853890318339,3,0,45+,unemployed,False,desktop
STU-F31A38,struggling,10,0.5473613490055256,0.41493298369938353,0,0.5368837989791105,5,0,25-34,student,False,mobile
STU-F4B901,at_risk,52,0.16595932951553,0.009832063910348868,1,0.1299669291172249,4,1,45+,student,False,mobile
STU-F37668,healthy,12,0.8352720175219416,0.7091833779994505,2,0.5443670049360206,33,0,35-44,full_time,True,desktop
STU-4544D3,at_risk,46,0.08497452296178,0.17306137978990271,0,0.07031127516439581,2,1,18-24,unemployed,False,desktop
STU-2BFF7B,struggling,19,0.5451135753939501,0.2563538714315387,1,0.4762863212528703,3,0,45+,part_time,False,mobile
STU-BB8CDC,healthy,0,0.8090977745176962,1.0,3,0.817706332875867,7,0,35-44,student,False,mobile
STU-48FA00,healthy,11,0.8839429626425895,1.0,18,0.8111841555980317,20,0,18-24,full_time,True,desktop
STU-D6DC48,seasonal_churn,22,0.6750882367946998,0.3624013944694066,1,0.3980205506197615,4,1,45+,unemployed,False,mobile
STU-156BAB,healthy,6,0.6336038504045298,0.7519183555368435,18,0.9366785196846679,63,0,25-34,part_time,False,desktop
STU-F36007,healthy,2,0.9905245511561306,0.8651382951863548,3,0.5740190217591966,33,0,25-34,student,False,desktop
STU-12B4FD,healthy,7,1.0,0.5717187213966337,0,0.8775183216364139,89,0,18-24,student,False,mobile
STU-F7F774,healthy,8,0.7622364797624781,0.9303043903792131,12,0.9340932275757136,59,0,25-34,part_time,False,desktop
STU-4253EB,healthy,8,0.5939819169023226,0.6993082712226952,4,0.7694585850018237,87,0,25-34,student,True,mobile
STU-1BF9CF,healthy,6,0.8149537245499774,0.6416031055442359,13,0.8990207973954761,79,0,18-24,full_time,True,mobile
STU-D6B71C,healthy,1,0.7400887966332945,0.7083574115936775,10,0.6356755262576304,20,0,18-24,student,False,mobile
STU-6774C1,healthy,8,0.503832108570565,0.6935104056627551,7,0.8369554747389674,45,0,18-24,student,False,mobile
STU-381841,healthy,12,0.9626546093498658,0.4923318818440059,0,0.9350196015488491,52,0,18-24,student,False,mobile
STU-E7FAA0,healthy,7,0.9379318396924815,0.8540552326332471,15,0.6762763617430272,80,0,45+,unemployed,False,desktop
STU-5B6223,healthy,4,0.543738402722406,0.49897106206698927,4,0.9450034696380333,23,0,18-24,unemployed,True,desktop
STU-12726F,healthy,6,0.6835652429204445,0.7797538496380748,12,0.8902604508761142,35,0,18-24,unemployed,False,desktop
STU-AEF1AB,healthy,4,0.751534710951463,0.8395330726928272,6,0.7300943932436135,82,0,35-44,full_time,False,desktop
STU-6F8EC7,healthy,3,0.6984951562699845,0.8846443465948285,12,0.5292725261202336,33,0,18-24,unemployed,False,desktop
STU-4B2E6A,healthy,10,0.946153991743839,0.9030148855255209,0,0.7603952947267751,47,0,18-24,student,False,desktop
STU-9BAB4D,healthy,4,0.5257727407017119,0.9986948287096621,12,0.8835537264529276,69,0,45+,student,True,desktop
STU-85A506,healthy,5,0.6344424898322413,0.790033999816797,1,0.6336306189062597,23,0,18-24,full_time,False,desktop
STU-A6F3EA,healthy,3,0.7417813835795354,0.994564096435651,22,0.7592420612999526,10,0,25-34,part_time,False,desktop
STU-6CE966,healthy,12,0.9400208354220417,0.5131116897649582,13,0.6148010011685113,12,0,18-24,student,False,desktop
STU-54CA0A,healthy,7,0.6491375340061445,0.7398042928035561,16,0.7965839295818409,24,0,18-24,part_time,False,desktop
STU-1F68FA,healthy,9,0.5337983891546672,0.7253177006888409,4,0.9137759063891395,18,0,35-44,student,False,desktop
STU-36294F,healthy,10,0.7280938863965418,0.8967270001550827,15,0.8482619082793172,14,0,25-34,full_time,False,desktop
STU-12741C,healthy,10,0.6981375627304275,0.7049891842640976,24,0.6436443542141201,22,0,25-34,student,False,desktop
STU-E53BB8,healthy,1,0.6678278171703785,0.46775487592805687,7,0.938585368006974,12,0,45+,student,False,desktop
STU-FD196A,healthy,2,0.965756962568182,0.4455982054945512,3,0.7581898563855346,11,0,45+,student,False,desktop
STU-099106,at_risk,50,0.3470466490361123,0.10391285800662906,1,0.09517143457887911,3,1,25-34,student,False,mobile
STU-C7E5A3,healthy,3,0.6762698193502945,0.5175475477463695,0,0.7195051754879803,70,0,18-24,part_time,False,mobile
STU-280BA1,healthy,9,0.6635514888437338,0.6370872876260257,2,0.6103966773486658,72,0,25-34,student,False,mobile
STU-DF0DF5,healthy,1,0.6212268783728657,0.8857152717008238,18,0.6788291174440998,47,0,18-24,full_time,False,desktop
STU-EAEB32,healthy,6,0.7726601204745073,0.9143365431497144,6,0.6164793020437357,21,0,18-24,part_time,False,desktop
STU-ABDB60,healthy,5,0.900732528361001,0.6022639065110771,1,0.8403097213447539,73,0,35-44,part_time,False,mobile
STU-065D6D,struggling,12,0.5352248615591273,0.3431705050476344,4,0.3473579753311913,4,0,35-44,part_time,True,desktop
STU-8047BB,healthy,12,0.7301863410429376,0.8130791481068492,0,0.8702765880338474,48,0,25-34,unemployed,True,desktop
STU-ED2B62,healthy,8,0.783094133679289,0.7268323628895706,4,0.8882619732635876,55,0,18-24,unemployed,True,desktop
STU-6597F5,seasonal_churn,14,0.3970029617474948,0.4489843747523597,0,0.25730498095997567,3,1,45+,unemployed,True,desktop
STU-F9A611,healthy,13,0.6649140341746547,0.8055275826406718,21,0.8424445841714882,12,0,18-24,part_time,False,mobile
STU-544DBF,healthy,0,0.7760448641880469,0.826786572345204,8,0.800283655355442,26,0,18-24,part_time,True,desktop
STU-3D917D,healthy,8,0.7858279966752626,0.8013136065696558,9,0.6863479401952917,60,0,18-24,student,False,desktop
STU-B17F07,healthy,10,0.8002093014652467,0.8331604636904116,11,0.7782471938377621,61,0,18-24,part_time,False,desktop
STU-DD8758,healthy,6,0.6977478436473954,0.8249008993665815,8,0.7535228583931378,14,0,25-34,student,False,mobile
STU-6F0776,healthy,11,0.8659598633427705,0.582094271394155,23,0.7964647374896164,62,0,25-34,student,True,mobile
STU-847037,healthy,0,0.8403018960034369,0.798133006483396,13,0.7788676174434733,53,0,25-34,student,False,desktop
STU-D53A4D,struggling,14,0.3994755798573334,0.2928829018726483,4,0.647060280280888,2,0,25-34,part_time,False,desktop
STU-AC97CA,struggling,10,0.2538323887197863,0.5225618458668876,0,0.3903560496303231,2,0,45+,part_time,False,mobile
STU-C6B49C,seasonal_churn,19,0.3550475008697686,0.28956736659770205,3,0.358594776962464,2,1,25-34,full_time,False,mobile
STU-2A6D78,healthy,2,0.6847930825761687,0.5908496896102305,0,0.6707042281684467,56,0,25-34,student,False,desktop
STU-1FB2A6,healthy,4,1.0,0.8275502832245644,12,0.8104263524849074,34,0,25-34,full_time,True,desktop
STU-23D7B6,healthy,5,0.5951997266680014,0.5638794272822981,22,0.7504398574624587,32,0,18-24,part_time,True,desktop
STU-4714D0,struggling,7,0.5882439162922577,0.34803214577619257,2,0.24063899115182436,13,0,35-44,part_time,False,desktop
STU-1BA5F3,ghost,90,0.0,0.0,0,0.020087805359250654,0,1,45+,unemployed,False,desktop
STU-2433D5,healthy,0,0.9857035450012408,0.6198379122424942,8,0.789327022491551,5,0,25-34,full_time,False,desktop
STU-D06492,healthy,7,0.862566930099064,0.7959923775203341,6,0.5793724152858836,73,0,18-24,student,False,mobile
STU-8FD034,struggling,15,0.4818133888689796,0.26513326957379807,1,0.5970854149756412,11,0,18-24,unemployed,False,mobile
STU-AE3F9C,at_risk,55,0.31871885118906923,0.10499179113242652,0,0.052402406032109106,0,1,18-24,student,False,mobile
STU-3A7616,healthy,0,0.6635412362324605,0.7992494246108938,7,0.8255577989642005,48,0,35-44,part_time,False,desktop
STU-8212A5,healthy,3,0.7813917360306399,0.6691526602927772,9,0.7362397710163774,12,0,25-34,student,False,desktop
STU-7CACF3,healthy,5,0.5994183107936512,0.46558766467285195,23,0.85628975721013,70,0,18-24,student,False,desktop
STU-88E5EF,struggling,16,0.4249230761021456,0.19046993908088766,3,0.5204113453868678,10,0,35-44,part_time,True,mobile
STU-454526,struggling,17,0.4099049601115081,0.5639946092513084,4,0.5173297216420696,10,0,45+,student,False,desktop
STU-FA135A,healthy,0,0.9638718196996627,0.840340769602456,18,0.7070491636520941,44,0,25-34,full_time,False,desktop
STU-81A3C8,healthy,13,0.8782977704230471,0.6243247804749223,7,0.8235771323759618,5,0,25-34,student,False,desktop
STU-02631A,healthy,5,0.8520759684883888,0.5153910635702316,24,0.5759900030171528,47,0,35-44,unemployed,False,desktop
STU-9B1AD4,struggling,7,0.4953872879286709,0.4778700909947272,2,0.3340705605002758,10,0,18-24,part_time,True,mobile
STU-B06085,healthy,9,0.6663420728454755,0.6358627665582195,8,0.5806955648429092,44,0,18-24,part_time,True,desktop
STU-2182B6,healthy,9,0.753020257563517,0.7318792103370729,4,0.761927012749756,66,0,18-24,part_time,False,desktop
STU-5AB033,healthy,4,0.7431582850293568,0.6980054429207405,10,0.582809965629646,58,0,25-34,part_time,False,desktop
STU-DCD7A7,healthy,8,0.8383890457581463,1.0,16,0.6763259259268244,34,0,18-24,unemployed,False,mobile
STU-FF96D0,healthy,2,0.7864602286792726,0.8082541555518598,1,0.7071871805264904,88,0,18-24,part_time,False,desktop
STU-29841D,healthy,7,0.9991056719048748,0.7526555043527239,6,0.758444328973639,15,0,18-24,full_time,False,mobile
STU-30F592,healthy,8,0.8214651924274942,0.8032436091494084,12,0.720724316305818,75,0,35-44,part_time,False,desktop
STU-97A186,healthy,10,0.618788121870208,0.544544370092669,8,0.8278364584848228,18,0,25-34,student,False,desktop
STU-13CF27,healthy,7,0.7389880185882532,0.7074961291039504,19,0.6001075748973193,28,0,45+,part_time,False,mobile
STU-BEEA3E,struggling,12,0.3528615952044994,0.44317423390857164,3,0.5037459824109195,11,0,25-34,full_time,True,mobile
STU-7357D0,at_risk,30,0.16691299654393987,0.2775961026439798,1,0.02924776211839657,0,1,18-24,student,False,mobile
STU-BA0714,healthy,4,0.8438730474958098,0.8673009830837982,7,0.8702523007589569,35,0,25-34,student,True,mobile
STU-9CFDB5,healthy,5,0.8153092796658336,0.8047510565762926,23,0.9290675747362137,40,0,45+,full_time,False,mobile
STU-ECFA82,healthy,1,0.6936157479050503,0.5227352566921835,8,0.6707326595909343,10,0,18-24,student,False,desktop
STU-676964,healthy,12,0.6456340555117003,0.8534802941809806,10,0.4997377182306011,53,0,35-44,student,False,mobile
STU-578A76,struggling,17,0.30055389877669364,0.507839628873121,1,0.5194148986103662,9,0,45+,part_time,False,desktop
STU-85CFFB,healthy,5,0.8410916167527804,0.7645502871053586,22,0.7294734575624292,31,0,18-24,part_time,False,desktop
STU-4D2227,ghost,90,0.07891383701276443,0.0,0,0.06963304803002844,0,1,25-34,full_time,False,desktop
STU-F61DED,healthy,5,0.7732043826474851,0.5218129506912411,4,0.932331038402413,5,0,25-34,student,False,desktop
STU-DC14C4,struggling,17,0.5778842464782605,0.35936281877317305,3,0.34660312244071156,5,0,45+,student,True,desktop
STU-B8497A,healthy,3,0.7635292363871328,0.9927038873126006,8,0.9777546795666404,26,0,45+,student,True,desktop
STU-817059,healthy,3,0.6563617076526288,0.6590920328263433,20,0.5666979277675928,42,0,18-24,student,False,mobile
STU-D6F74F,healthy,2,0.5588996565810123,0.9175344480809023,2,0.5484910252408626,51,0,25-34,part_time,False,mobile
STU-D84D57,healthy,10,0.7066338249683415,0.6059383016590868,21,0.7357495763503651,40,0,25-34,full_time,False,desktop
STU-0396AC,at_risk,57,0.1880681827829978,0.0,0,0.19521823172620376,0,1,18-24,part_time,False,mobile
STU-2FAF7B,healthy,9,0.6494038840621909,0.6006080871811643,4,0.6873578457559881,28,0,18-24,unemployed,False,desktop
STU-96B8F5,healthy,7,0.8690696928875183,0.7463645454302062,4,0.8678058333435218,7,0,25-34,part_time,False,desktop
STU-5814F4,healthy,10,0.5866595664333336,0.7893479513462393,2,0.6305603737963689,67,0,45+,student,False,mobile
STU-E60EEE,healthy,11,0.8464088287831807,0.6826422604618648,3,0.6010220733032446,53,0,18-24,student,False,desktop
STU-7D3AB9,ghost,90,,0.030188303559181413,0,0.017495660481069684,0,1,45+,unemployed,False,mobile
STU-65D3F2,healthy,7,0.9447817012303404,0.5380401939204642,9,0.573128817754665,68,0,35-44,part_time,False,desktop
STU-38EB15,healthy,1,0.8414266732171221,0.5273949798597135,2,0.9864111170334943,30,0,25-34,full_time,False,mobile
STU-6126ED,healthy,6,0.8532048929544279,0.870673404935332,0,0.7463290567199508,22,0,25-34,student,False,desktop
STU-F19E55,at_risk,37,0.19291764259856248,0.20201394097439715,0,0.07002059747157807,4,1,35-44,part_time,False,mobile
STU-459F92,healthy,12,0.8075234747615802,0.960676811513606,17,1.0,85,0,35-44,student,False,desktop
STU-D078B6,at_risk,32,0.24070312606577132,0.0,1,0.16588224825172804,1,1,18-24,student,False,desktop
STU-F966E9,healthy,2,0.8297428222743197,0.7182753998268915,7,0.6848269712346663,82,0,45+,full_time,False,mobile
STU-A75174,healthy,9,0.7169602112313296,1.0,15,0.5198089348015132,66,0,45+,student,False,desktop
STU-13CCE5,healthy,3,0.5938386309167059,0.7023842576098264,20,0.9504554626766517,4,0,18-24,student,False,desktop
STU-9D533B,healthy,8,0.8899361804589915,0.8808517486880341,0,0.8389911847773477,76,0,35-44,student,False,desktop
STU-E42439,seasonal_churn,12,0.48113513924517604,0.31309466118951623,0,0.3884644777317065,1,1,45+,full_time,False,desktop
STU-8F8BE0,healthy,13,0.8065663043708886,0.9502803785611355,7,0.6008081532509655,64,0,25-34,full_time,False,desktop
STU-D2876B,healthy,7,0.771497728064072,0.7550544002650279,9,0.5984372430318022,32,0,18-24,full_time,False,desktop
STU-7ADC3B,healthy,6,0.7655306292254187,0.6995323991259919,7,0.7454661992909535,4,0,35-44,student,False,mobile
STU-F2FE54,struggling,18,0.4725035194724401,0.3522190242137987,2,0.6094741906874971,13,0,25-34,full_time,False,desktop
STU-731F6F,healthy,11,0.6195517181563669,0.6929703857441434,9,0.7412256359290947,9,0,18-24,student,False,desktop
STU-7F296A,seasonal_churn,20,0.536962755329059,0.29791490616306066,3,0.4741210858166501,4,1,35-44,full_time,False,mobile
STU-CAF406,healthy,13,0.9980327560279768,0.4490595493996967,14,0.6662786996711165,70,0,18-24,unemployed,False,desktop
STU-B3DC26,struggling,14,0.38769609184065257,0.3335825104850144,2,0.5814103774978849,0,0,18-24,student,False,desktop
STU-4B4C34,healthy,9,0.9759664260418639,0.7902371214645151,16,0.6833958207108073,69,0,25-34,full_time,False,desktop
STU-538C59,healthy,4,0.5500410629125992,0.6658195746371344,21,0.5734429176207959,43,0,18-24,part_time,False,desktop
STU-122B7B,healthy,10,0.9105653549107561,0.5794988940813642,3,0.599433011557867,46,0,35-44,full_time,False,desktop
STU-32345A,at_risk,55,0.02884147362800285,0.17748863078069127,1,0.0,0,1,35-44,student,True,desktop
STU-0DFE6B,healthy,1,0.9050933918773206,0.8283453356678483,20,0.9155747577731487,20,0,18-24,full_time,True,desktop
STU-1B6EC0,healthy,5,0.5906827006003785,0.3410287797576885,10,0.7295795306609022,6,0,35-44,student,False,desktop
STU-22CA50,healthy,6,0.8623987902207894,0.7648436964321922,3,0.677098597809833,44,0,35-44,student,False,mobile
STU-46724B,healthy,4,0.9245719897929489,0.5715626221948982,24,0.9541345498079656,68,0,35-44,unemployed,False,desktop
STU-52C412,healthy,0,0.7236831251988985,0.6258644220154286,1,0.7329697101955326,32,0,35-44,student,False,desktop
STU-4489DE,healthy,0,0.9947031792736701,0.9235818640097622,22,0.9339112105869393,84,0,18-24,part_time,False,desktop
STU-6DFC03,healthy,13,0.7308613683328571,0.5779574960730199,2,0.9657187742452452,47,0,25-34,student,True,mobile
STU-F27330,struggling,8,0.6491089740704962,0.3568678216672207,1,0.4088655289521522,2,0,25-34,student,False,mobile
STU-AC2748,healthy,9,0.6883476022287037,0.5127266098774579,3,1.0,49,0,25-34,student,False,desktop
STU-4DCEE1,healthy,11,0.8304098297686918,0.7971208036515061,3,0.8806794443112127,22,0,25-34,part_time,False,desktop
STU-53F1F7,ghost,90,,0.01033895284633184,0,,0,1,25-34,student,True,mobile
STU-58F0C6,healthy,5,0.7688921697896277,0.6522862767471782,5,0.76967420188859,18,0,18-24,full_time,False,desktop
STU-17A247,at_risk,46,0.13956831216147872,0.02531427473287344,0,0.04171544321926879,0,1,18-24,full_time,True,mobile
STU-873912,healthy,1,0.5486022505042492,0.813363913648443,23,0.5943245228782124,3,0,18-24,part_time,False,mobile
STU-83FA55,healthy,10,0.895584154397606,0.861056576280063,4,0.8789732513491977,35,0,25-34,full_time,False,desktop
STU-F8008F,healthy,0,0.7272933263314048,0.8686398004649306,9,0.7053740471182335,85,0,25-34,unemployed,False,desktop
STU-E21AD5,healthy,5,1.0,0.5764756530421192,11,0.9603061074951706,15,0,25-34,student,False,desktop
STU-582716,healthy,6,0.9627819809914818,1.0,13,0.6237911758009737,42,0,45+,student,False,desktop
STU-B754BF,healthy,11,0.8920983578036683,0.9540726980876546,22,0.8187527593850088,21,0,18-24,full_time,True,desktop
STU-D21373,healthy,1,1.0,0.9536364584621579,2,0.8403261841477101,72,0,25-34,unemployed,False,mobile
STU-1C3C5E,healthy,1,0.9104663096324399,0.8962739890303651,9,0.6807696918804015,76,0,45+,part_time,False,mobile
STU-05CD6B,healthy,13,0.9121618515932887,0.8995785753075399,24,1.0,56,0,18-24,part_time,False,desktop
STU-9D8F46,healthy,9,0.6810062314462667,0.6641681819562226,3,0.6594131823353192,59,0,18-24,student,True,desktop
STU-5B9B7C,healthy,2,0.7388813462889677,0.944875374353623,23,1.0,41,0,35-44,full_time,False,mobile
STU-DE8BF8,struggling,14,0.644638570532332,0.34407649151895153,3,0.4613735670134951,13,0,18-24,full_time,False,desktop
STU-82851D,at_risk,35,0.22244976610446165,0.012724779899370627,1,0.15635667615818094,1,1,18-24,unemployed,False,mobile
STU-E5878E,healthy,1,0.7662691871058342,0.5840577773993607,10,0.7373496522798643,86,0,35-44,student,False,desktop
STU-D06E87,healthy,2,0.9776557906080137,1.0,17,0.5777772894072466,76,0,25-34,full_time,False,desktop
STU-E97327,healthy,12,0.7409740306455153,0.734824126690838,19,0.7993648029730365,20,0,25-34,student,False,mobile
STU-7AF982,healthy,11,0.7347817487954666,0.6564809947302055,10,0.9604166018676645,22,0,18-24,unemployed,False,desktop
STU-DD76EA,healthy,11,0.8371203996907421,0.8250798993282984,20,0.5569179152538357,50,0,18-24,student,False,desktop
STU-F04869,healthy,3,0.7988328310585016,0.952150003763761,20,0.6823164250848761,29,0,25-34,student,False,desktop
STU-86516F,healthy,2,0.947331047277274,0.8019821781765516,14,0.576299143920935,40,0,18-24,unemployed,False,desktop
STU-1C9ECC,healthy,13,0.7683770825424134,0.5785159862387653,24,0.8326687353061337,47,0,18-24,student,True,desktop
STU-56DC1F,healthy,4,0.8773224586431685,0.5478172011435981,11,0.7941907969509464,87,0,18-24,student,True,mobile
STU-AD81FF,healthy,6,0.6951347470007818,0.5249510873975789,18,0.8151372586618166,64,0,25-34,unemployed,False,mobile
STU-58BC37,healthy,11,0.6670187745448232,0.9106695659570865,24,0.7129505262829922,3,0,25-34,student,False,mobile
STU-8C97AC,healthy,6,0.7592682444611548,0.6842443599034244,7,0.6821498592595778,57,0,18-24,unemployed,True,desktop
STU-47067F,healthy,1,1.0,0.947789672157244,5,0.7022930193253663,28,0,25-34,student,True,desktop
STU-5A052B,healthy,10,0.5035044744858687,0.7117649654189068,20,0.8920848945163083,79,0,35-44,part_time,False,desktop
STU-432395,struggling,11,0.5197185499506738,0.37819174182852794,0,0.6443859105343912,9,0,35-44,student,True,mobile
STU-482A72,healthy,1,0.5593683610703565,0.6329129046464403,4,0.7343642637412933,56,0,25-34,part_time,True,desktop
STU-9526E2,healthy,1,0.8539968750121353,0.9777890083024467,4,0.8409366808655434,63,0,25-34,student,False,desktop
STU-8A6F83,at_risk,27,0.24716715279597515,0.06581006423273755,0,0.11689224181295474,1,1,25-34,student,False,desktop
STU-362BA5,ghost,90,0.0,0.0,0,0.0,0,1,45+,student,True,desktop
STU-852AA6,healthy,7,0.8198236972658898,0.8394423222520628,10,1.0,24,0,25-34,part_time,False,desktop
STU-482825,healthy,5,0.763944796512909,0.7639926120671824,17,1.0,43,0,45+,full_time,True,desktop
STU-D08B31,healthy,7,0.9489078510524226,0.5456647263865718,4,0.9240893945173551,62,0,18-24,part_time,False,desktop
STU-4FD23B,healthy,8,0.9270724055861308,0.5064593631950022,14,0.6059604504330693,78,0,35-44,student,False,mobile
STU-342C79,struggling,20,0.4964453057724927,0.35725062130993596,3,0.5168125724967279,13,0,18-24,part_time,True,desktop
STU-6F4821,healthy,8,0.6322123046278351,0.6713784222485312,17,0.6721948941730698,48,0,18-24,student,False,desktop
STU-C5B78B,healthy,3,0.8346299760688562,0.672296872173376,20,0.6602779601504606,32,0,25-34,unemployed,True,desktop
STU-713914,seasonal_churn,25,0.6123772310797537,0.47884906942094974,0,0.39123828706316593,4,1,35-44,full_time,False,desktop
STU-FE4B2D,healthy,2,1.0,0.9450738690445094,11,0.9123698420723768,52,0,25-34,student,True,mobile
STU-8E1EF1,healthy,1,0.7095421599040262,0.5198823242900155,14,0.6680020303099843,82,0,45+,part_time,False,desktop
STU-B3C828,healthy,9,0.8902417900061671,0.7906437326176456,2,0.7740253654839906,80,0,35-44,student,False,mobile
STU-615A1C,healthy,9,0.6787201037351532,0.9520801319152619,20,0.73118997387635,84,0,25-34,part_time,False,mobile
STU-59BEC7,healthy,2,0.9542407746140564,0.8600197255995309,0,0.7675453743075948,78,0,18-24,student,False,desktop
STU-D73E1E,healthy,10,0.6765981561636965,0.5436191574473098,17,0.9682378730079718,19,0,25-34,student,False,desktop
STU-2BE079,healthy,3,0.7242759169151013,0.725056644914363,14,0.7276175613444071,63,0,25-34,part_time,False,desktop
STU-505B0D,struggling,7,0.5531714195090192,0.4403104443603779,4,0.576601392565142,7,0,18-24,unemployed,False,desktop
STU-E74918,struggling,9,0.5399454950598754,0.4060209276341123,0,0.43247220316661805,11,0,45+,unemployed,True,desktop
STU-E1F3FB,healthy,1,0.7599005912265621,0.711444869951302,6,0.9082632663388533,69,0,45+,student,True,mobile
STU-234E1A,healthy,2,0.6802195678583374,0.6167886667102721,24,0.624647167187516,71,0,25-34,student,False,mobile
STU-052CB2,healthy,11,0.8420549372232666,0.7169098849396727,18,0.5867553476020809,72,0,35-44,student,False,mobile
STU-A22A66,struggling,8,0.4676902195901306,0.4246545326736634,0,0.470952692792765,1,0,45+,unemployed,False,desktop
STU-3AF6F5,healthy,7,0.7131542689611234,0.396141031546447,12,0.7424063711274806,77,0,18-24,part_time,False,mobile
STU-A321C7,healthy,12,0.721244019891226,0.5216455185674087,10,0.8932571094182608,38,0,35-44,unemployed,True,mobile
STU-C66727,healthy,7,0.9566355970592694,0.68270711209059,0,0.8946839429934456,39,0,35-44,student,False,desktop
STU-7E019E,healthy,7,0.738136982015748,0.8410098623020308,21,0.7718328663512937,42,0,35-44,full_time,False,desktop
STU-A6FF97,healthy,11,0.7221999872486955,0.5496143609797713,21,0.6513446266012956,85,0,18-24,student,False,desktop
STU-DD2AD1,healthy,2,0.7062237363281605,0.9499774576918841,22,0.8363641743496191,22,0,18-24,student,False,mobile
STU-31A80B,healthy,11,0.7269214101995896,0.9403920567823172,9,0.6160205496612429,78,0,18-24,student,False,desktop
STU-F04BCB,healthy,4,0.5646286724503354,0.8956228072565652,9,0.7903926815988096,67,0,25-34,student,False,mobile
STU-5D0339,healthy,9,0.816357990723012,0.6325836712640264,0,0.7776815611139989,51,0,45+,student,False,desktop
STU-ADD90E,healthy,11,0.645335897548324,0.4991150550246412,12,0.9218274847285342,31,0,18-24,full_time,True,desktop
STU-62449B,struggling,12,0.46428616879683754,0.289930373257036,2,0.2535301840793976,12,0,25-34,full_time,False,desktop
STU-E70AAE,healthy,3,0.7865597199337653,0.8973305227280737,7,0.6576406510726351,19,0,45+,student,False,mobile
STU-AA59FA,healthy,11,0.9299004455128119,0.8106031887909972,9,0.6911387819716304,35,0,18-24,part_time,False,desktop
STU-BF4A18,healthy,8,0.9005539806788222,0.7275367765334562,15,0.6697808209077627,52,0,18-24,part_time,False,desktop
STU-248009,healthy,4,0.6433983628385824,0.8488400681215393,5,0.938878015760787,6,0,25-34,part_time,False,mobile
STU-4FA653,healthy,1,0.7524523883714238,0.6389665440358057,6,0.6332825755387924,82,0,18-24,full_time,False,desktop
STU-017E0A,healthy,13,0.5520778595016913,0.4918406081440925,18,0.9353703417728103,14,0,45+,unemployed,False,desktop
STU-F72301,at_risk,25,0.3658640315475418,0.1719995066575918,0,0.09006410013553032,4,1,45+,full_time,False,mobile
STU-BEAA34,healthy,1,0.7412184736764915,0.891723745590539,13,0.8803329363087101,68,0,25-34,full_time,False,desktop
STU-D2C205,healthy,0,0.7948246184252554,0.8575983713376211,22,0.8648022429900885,5,0,35-44,full_time,False,mobile
STU-0CA182,healthy,6,0.6140631578125074,0.7106876394222469,12,0.7247669918101761,22,0,25-34,part_time,False,desktop
STU-D2EF53,healthy,4,1.0,0.6178970705735788,18,0.6894655447428761,81,0,25-34,full_time,False,mobile
STU-226EA9,healthy,13,0.6735676671486873,0.6608324399787661,2,0.947291651377567,18,0,25-34,full_time,False,mobile
STU-B6C8FC,healthy,13,0.7124964207416561,0.7846152107892487,20,0.7216904418803851,59,0,35-44,unemployed,False,mobile
STU-6EC0DE,ghost,90,,0.0,0,0.027856864359825408,0,1,35-44,part_time,False,desktop
STU-586E11,healthy,6,0.73706018388033,0.8634541649401652,8,0.6403266961553816,42,0,35-44,unemployed,False,desktop
STU-C68AF4,healthy,8,0.9384075763170476,0.6753820245436435,1,0.8210968137518455,16,0,35-44,full_time,False,mobile
STU-031342,healthy,10,0.6681802464202437,0.8460040834215551,6,0.5857864644055817,51,0,25-34,student,False,desktop
STU-D874EB,healthy,6,0.5845638053523525,0.7496495523128883,19,0.8350815239132839,5,0,25-34,student,False,desktop
STU-1CA1B2,healthy,1,0.8709573386496974,0.5484289410388009,19,1.0,83,0,35-44,full_time,False,mobile
STU-E03444,ghost,90,,0.0066871283324036876,0,0.0,0,1,25-34,full_time,False,mobile
STU-42E2BA,healthy,9,0.8166127630646054,0.6740676026816883,20,0.6968114532365732,44,0,35-44,unemployed,False,mobile
STU-E2D787,struggling,16,0.3803458496181161,0.4104263098121486,4,0.433573352882762,1,0,45+,student,False,desktop
STU-024DD3,at_risk,24,0.12581329343963366,0.15114540960255238,1,0.19247912696275554,2,1,18-24,full_time,False,mobile
STU-2D5E06,healthy,1,0.7400693718121484,0.8870478449762444,8,0.7725482753803454,59,0,25-34,full_time,False,mobile
STU-DC2EAF,struggling,19,0.28166714746350685,0.2663375502390144,2,0.6663086254086629,5,0,25-34,full_time,False,desktop
STU-E0EA40,healthy,2,0.9976984981740519,0.8448916177519521,11,0.6293119386558836,21,0,18-24,full_time,False,desktop
STU-94CA7D,healthy,5,0.5437253167342155,0.9830194725108249,8,0.5539466629131123,46,0,25-34,student,False,desktop
STU-B7668F,healthy,1,0.9411271624189649,0.7741395580302359,12,0.5719674774427245,61,0,35-44,full_time,False,desktop
STU-5225DA,healthy,0,0.7491681840354663,0.8395759916118251,4,0.6994820915656734,29,0,35-44,full_time,False,desktop
STU-0A6921,healthy,9,0.88463973803113,0.9047688330462264,5,0.8483059673400578,78,0,18-24,student,True,desktop
STU-5CA081,struggling,18,0.5402067018572394,0.4680345226115876,2,0.4860243653790008,1,0,25-34,unemployed,False,mobile
STU-62C0BF,healthy,2,0.8695659428865814,0.7210154718279103,22,0.6470550764407195,81,0,35-44,full_time,False,desktop
STU-7C54A9,healthy,10,0.7853576602801207,0.8784308226538176,21,0.7334548911301786,76,0,25-34,student,False,desktop
STU-EB3FBE,healthy,3,0.6151420204561875,0.8637205077081785,22,1.0,63,0,18-24,full_time,False,desktop
STU-F67E6E,healthy,1,0.952180017401172,0.9858957828985295,23,0.8612360802172976,57,0,18-24,unemployed,False,desktop
STU-7CECB5,healthy,3,0.8446503020773688,0.6915789251711508,0,0.6664525071366,34,0,45+,student,True,mobile
STU-1F544A,healthy,4,0.7895636026339828,0.455847739142335,14,0.7633299515206353,43,0,25-34,student,False,desktop
STU-D59D45,healthy,0,0.9822494017747322,0.7628916660244877,7,0.8507262030616229,21,0,25-34,part_time,False,mobile
STU-9638D8,seasonal_churn,12,0.580302566297115,0.2045536821487716,3,0.5273730168837527,3,1,35-44,full_time,True,desktop
STU-679589,struggling,13,0.35958202003223966,0.5866795053430054,4,0.5694848583471901,5,0,45+,student,True,desktop
STU-8DAA52,healthy,0,0.9123240556995103,0.6774502568652044,8,0.6448844667506491,13,0,18-24,part_time,True,desktop
STU-CEB684,healthy,13,0.7896339865671645,1.0,12,1.0,87,0,18-24,unemployed,False,desktop
STU-B28D86,healthy,1,0.9185533451773843,0.4666680764703215,13,0.9329019884143057,71,0,18-24,unemployed,False,mobile
STU-83B39A,healthy,4,0.674873987440599,0.7618011779295906,7,1.0,51,0,18-24,unemployed,False,desktop
STU-137965,healthy,10,0.9237670644881647,0.8465272131289138,0,0.9029586040036498,88,0,25-34,full_time,False,mobile
STU-B53BF7,healthy,1,0.699028327881284,0.7584806099613324,5,0.48059818009708904,45,0,25-34,full_time,False,mobile
STU-4EF893,healthy,5,0.5932565414771991,0.8151626154539493,15,0.8289123266760153,58,0,25-34,student,False,mobile
STU-089068,struggling,17,0.2644068064287595,0.5131085567883676,3,0.5387814401637478,8,0,35-44,student,False,desktop
STU-8B5CD6,healthy,8,0.7420525133281473,1.0,8,0.7576234628747056,53,0,45+,student,False,desktop
STU-C63DAD,healthy,2,0.6020018665521778,0.8640524942308747,6,0.7844352163257492,63,0,18-24,student,True,desktop
STU-00F3DA,struggling,13,0.393940629800897,0.3530750390747039,1,0.3392505668687388,11,0,45+,part_time,False,desktop
STU-7108F9,healthy,4,0.8788303961689725,0.9367642620441442,2,0.7201015695598623,26,0,35-44,student,False,desktop
STU-BB6327,healthy,4,0.6393311810566871,0.8122774849129157,16,0.9316317848498862,67,0,18-24,part_time,False,desktop
STU-53BB9C,at_risk,23,0.09014154515746571,0.06642864943012611,1,0.21127624950328888,3,1,45+,student,False,desktop
STU-0AE27C,healthy,4,0.9112783797245211,0.9422568448658252,21,0.8974089851150295,82,0,25-34,full_time,False,mobile
STU-E4E249,healthy,11,0.5285908988519573,0.8933830593200994,1,0.5656696784734624,88,0,35-44,full_time,False,mobile
STU-B1D0E9,at_risk,46,0.27439921328114714,0.20489454684022818,0,0.13901225138208223,0,1,18-24,unemployed,False,mobile
STU-A1D29C,healthy,2,0.7572909368671262,0.9052992588599539,0,0.5177593175099894,89,0,18-24,part_time,False,desktop
STU-45CE81,healthy,12,0.6145637472454447,0.8043505939593306,15,0.6435279978359699,63,0,25-34,full_time,False,desktop
STU-62DE39,struggling,16,0.4790271578499366,0.41808005677524485,2,0.5341475414874082,13,0,18-24,unemployed,False,desktop
STU-8AB66C,healthy,0,0.5903213639118844,0.9789762882620269,8,0.7923609252156343,76,0,25-34,part_time,False,desktop
STU-D2C87A,healthy,8,0.9589087874462846,1.0,11,1.0,3,0,25-34,full_time,True,desktop
STU-EADE14,healthy,4,0.6942783329584634,0.6560539348036982,18,0.9696424861622547,13,0,45+,student,True,desktop
STU-3C8C16,healthy,5,0.9191864325226118,0.6986309277966949,23,0.7381690826161124,12,0,25-34,part_time,True,desktop
STU-F15181,seasonal_churn,25,0.6136461566206814,0.3873752631489724,0,0.5273855516126378,3,1,45+,full_time,True,desktop
STU-4CD1B1,healthy,4,0.7433062062164171,0.9425391908742607,13,0.7241411894255894,16,0,25-34,full_time,False,desktop
STU-EC653B,at_risk,35,0.0621783767454645,0.03469099149089607,1,0.25835349498704197,2,1,18-24,full_time,False,mobile
STU-782659,healthy,1,0.9827040743676182,1.0,9,0.5570057468039367,75,0,25-34,part_time,False,desktop
STU-2ACD4D,healthy,5,0.5377491914971544,0.6544122797412366,11,0.818341484503503,14,0,25-34,student,False,desktop
STU-5FEE98,struggling,20,0.5160144728728128,0.15687611992839348,1,0.41560675099104283,2,0,45+,student,False,desktop
STU-D754C5,healthy,5,0.6503210257488968,0.7656905332476696,6,0.9593959193600082,20,0,18-24,full_time,True,desktop
STU-4E5A4C,healthy,11,0.7675115902264096,0.7059498408789682,4,0.832670856859916,42,0,18-24,student,False,desktop
STU-62E29C,healthy,11,0.8106498633838468,0.6569828708091594,7,1.0,54,0,25-34,full_time,False,desktop
STU-A4B9B3,healthy,6,0.9898810454667485,0.8388465865004264,20,0.7983505977519875,14,0,35-44,full_time,True,desktop
STU-EB6DA2,struggling,20,0.4811865491322472,0.31891506560872396,4,0.31131694081118355,1,0,45+,part_time,False,desktop
STU-D07B81,healthy,11,0.6977681836512942,0.9495398224761005,9,0.8461825559205989,43,0,25-34,part_time,False,desktop
STU-2CA01B,healthy,6,0.6718597765819813,0.8586892242586114,15,0.7382916316469199,13,0,25-34,full_time,False,mobile
STU-161CAB,healthy,11,0.5495049360230166,0.9765207369894204,7,0.914543276381425,56,0,35-44,part_time,False,desktop
STU-185FAD,healthy,7,1.0,0.9402081139326748,24,0.7031349188514577,30,0,25-34,student,False,desktop
STU-AF8574,at_risk,29,0.13479309771698844,0.0,1,0.29959657926350736,1,1,35-44,unemployed,True,mobile
STU-1CE403,healthy,13,0.60235774273007,0.9599966840118794,11,0.7642048746285777,46,0,18-24,part_time,False,mobile
STU-707E59,healthy,5,0.8712692055988096,0.7398207164545969,24,0.7520392703392323,83,0,25-34,student,True,desktop
STU-637549,healthy,4,1.0,0.9439697034297901,3,0.5108232688184212,31,0,45+,part_time,False,mobile
STU-A1C5FF,at_risk,52,0.08856619082424759,0.15240469394038017,1,0.1769886701423643,2,1,18-24,full_time,False,desktop
STU-1BFB03,healthy,1,0.9024359332747911,0.8478216135903888,13,0.9196141837708735,47,0,45+,full_time,False,desktop
STU-58D093,healthy,3,0.5298781380013604,0.8265743385574064,3,0.7424173892233419,6,0,35-44,unemployed,False,desktop
STU-A0362E,healthy,9,0.8677203420714701,0.5624780895069138,2,1.0,83,0,25-34,student,False,mobile
STU-F7EBA8,healthy,10,0.8059659824137653,0.6252381130091144,23,0.5902063664064294,61,0,18-24,part_time,False,mobile
STU-D98B8F,healthy,0,0.6393544966653404,0.6671031295621296,7,0.5798858381913722,63,0,25-34,full_time,False,desktop
STU-0E4135,healthy,3,0.6274495737274499,0.6128855463848738,14,0.7422664978800074,61,0,18-24,student,True,mobile
STU-C2AF97,healthy,2,0.73586247258653,0.9289027728473129,5,1.0,79,0,25-34,student,False,desktop
STU-3021F4,at_risk,53,0.22394975883784413,0.2034187511956102,0,0.18228138892910978,2,1,35-44,unemployed,False,desktop
STU-E10EFF,healthy,4,0.7775569084253711,0.7962473847183656,23,0.6818048313644117,47,0,25-34,student,True,desktop
STU-6AFD66,healthy,1,0.9142206764580019,0.7849574922798299,14,0.7873993945933361,58,0,45+,student,True,desktop
STU-614A25,struggling,20,0.43966510557499017,0.1955427119430922,0,0.6504234621631603,9,0,35-44,student,False,desktop
STU-A93BA3,healthy,4,0.9217859376070376,0.7699912844988535,7,0.9676064956504827,81,0,35-44,student,False,desktop
STU-2C0894,healthy,0,0.9513414539830971,0.8265163190782786,3,1.0,44,0,25-34,student,True,desktop
STU-20C4FB,healthy,13,0.8685162145376483,0.7104125778946592,21,0.8622986574336371,18,0,35-44,part_time,False,desktop
STU-39840D,healthy,10,0.6828110531290894,0.4909603412795074,6,0.6665708117394696,17,0,18-24,full_time,False,desktop
STU-D04D28,at_risk,32,0.4409347988143445,0.13259809333600453,0,0.16985414447943892,2,1,25-34,unemployed,False,mobile
STU-BDC7FB,healthy,0,1.0,0.7691240599989997,4,0.6965544074385029,88,0,25-34,student,False,mobile
STU-3740B3,healthy,4,0.8739679490245446,0.8276904062173793,19,0.947401855673123,25,0,25-34,student,False,mobile
STU-3AB627,ghost,90,0.04377982189874724,0.08693481621311346,0,0.0,0,1,35-44,unemployed,True,desktop
STU-0C0478,healthy,8,0.9045430071394653,0.888987642981067,8,0.870402487013578,81,0,18-24,student,False,mobile
STU-4E8DDA,healthy,0,0.8984816299922972,0.48549550902396355,9,0.8352166942913384,17,0,35-44,student,False,desktop
STU-8239F3,healthy,7,0.9034928792254676,0.6541340148712157,8,0.7690011547556025,25,0,25-34,part_time,False,desktop
STU-A0CE5D,seasonal_churn,27,0.5293476863060799,0.2912362877259157,0,0.4331744594742844,2,1,25-34,full_time,True,mobile
STU-8D1940,healthy,0,0.6572363127708964,0.8067431978984163,23,0.7179399287644826,43,0,18-24,full_time,False,mobile
STU-F0A849,at_risk,47,0.3243768472565786,0.13080041830931058,1,0.28660635348161884,2,1,18-24,unemployed,False,mobile
STU-7446C6,at_risk,48,0.22018046930763752,0.136927518217367,1,0.2504089807831722,4,1,45+,unemployed,False,desktop
STU-7B0189,healthy,8,0.49790431854087186,0.5931699969613864,15,0.7017757515315822,35,0,18-24,full_time,False,desktop
STU-426ECE,healthy,3,0.7104495451409779,0.979664043241385,0,0.8648618848770466,9,0,18-24,student,True,desktop
STU-BB9365,healthy,8,0.8826406682341744,0.74604160246722,22,1.0,68,0,45+,part_time,False,desktop
STU-A7E829,healthy,9,0.7509104081170712,0.730693301158327,9,0.6281080687742807,61,0,25-34,student,True,mobile
STU-B5BE09,at_risk,56,0.2444546219563764,0.1116621570450532,0,0.1295081649179313,4,1,25-34,unemployed,False,desktop
STU-CC5E7B,healthy,3,0.901161165548739,0.7050009095538033,13,0.9386883694169241,60,0,18-24,student,False,desktop
STU-F7CDA0,at_risk,52,0.0807716555380221,0.0,1,0.12489201415392553,2,1,25-34,unemployed,False,desktop
STU-C9F481,healthy,2,0.9665666158837386,0.6675049547105367,3,0.9518880210055173,79,0,25-34,student,False,desktop
STU-9BAF40,healthy,12,0.569036786848534,0.9499953722756396,12,0.7485648734764492,41,0,35-44,part_time,False,desktop
STU-AE4608,healthy,0,0.9860288064834363,0.9493007962867748,4,0.842417565707245,76,0,25-34,part_time,False,desktop
STU-984A86,struggling,19,0.535962110598845,0.4671954092210808,1,0.47350379136056603,13,0,18-24,full_time,False,mobile
STU-E8FAC9,healthy,5,0.7520182532882705,0.6726023091813786,1,0.9144793739573377,82,0,18-24,student,False,mobile
STU-9D68BE,healthy,13,0.5944044707957566,0.693392104386723,11,0.7209237703916827,53,0,25-34,student,False,mobile
STU-6F15CB,struggling,19,0.39173555451298714,0.4408664227614808,2,0.38224050329700776,2,0,18-24,student,True,mobile
STU-80617D,healthy,7,0.9070794325603052,0.6068041204672944,16,0.9507136106954435,79,0,35-44,part_time,False,desktop
STU-F76A70,struggling,13,0.3359148724103911,0.2395137831141691,3,0.46724735910211823,13,0,18-24,student,False,desktop
STU-70E19A,healthy,11,0.7420169828367691,0.7550333103849359,17,0.6042983825497352,3,0,35-44,student,True,desktop
STU-997682,healthy,4,0.7633369889141556,0.9806811649983177,12,0.6749288686302942,51,0,25-34,part_time,True,desktop
STU-5EE769,healthy,11,0.8762644987127582,0.5458980538589477,22,0.6670749039808469,41,0,35-44,part_time,False,mobile
STU-5374A9,at_risk,25,0.0,0.07478375453698066,0,0.2531510900890219,2,1,25-34,student,False,desktop
STU-610A35,healthy,5,0.9663178391484573,0.8326026589871289,9,0.6458750672129935,27,0,25-34,student,True,desktop
STU-B2842D,healthy,11,0.885760515675385,0.5721635202823606,16,0.8425809230813841,59,0,25-34,part_time,False,desktop
STU-EE5EE8,healthy,8,0.6861009145593335,0.987270190828103,20,0.6429031530237553,84,0,35-44,student,False,desktop
STU-7159A7,healthy,5,0.8479578699341781,0.9012759737942935,5,0.5476369250014339,63,0,25-34,part_time,False,desktop
STU-9BD8C5,seasonal_churn,24,0.44347349296570576,0.5334616122352533,0,0.46622547682685583,2,1,45+,part_time,True,desktop
STU-8F18B7,healthy,11,0.6848842236793456,0.707772902865933,4,0.5520396235628205,84,0,45+,part_time,False,desktop
STU-E9AA18,healthy,5,0.8124649748225338,0.6782138358144705,22,0.5815791400225973,61,0,45+,student,False,desktop
STU-F5D948,struggling,16,0.4535263889472627,0.3869409402958631,3,0.5521861731651836,12,0,25-34,part_time,True,mobile
STU-C152BC,healthy,9,0.9822510038446862,0.6573102538052388,19,0.8913515309013516,82,0,25-34,student,True,desktop
STU-F4B82D,healthy,4,0.496215108318086,0.7191479267703303,3,0.93773140564645,37,0,25-34,part_time,True,desktop
STU-B37E53,healthy,10,0.8002821713608755,0.4960066693659858,5,0.7131458380281875,31,0,25-34,student,False,mobile
STU-73478D,healthy,0,0.9716311246467335,0.5865701964587946,22,0.8555025219357237,84,0,25-34,student,True,desktop
STU-231A93,healthy,8,0.598097550601391,0.9374481228682809,8,0.6835010881338844,77,0,25-34,student,False,desktop
STU-9EE653,healthy,3,0.7710650485899841,0.8720517068778191,13,0.7287789424695632,50,0,18-24,full_time,False,mobile
STU-3D722D,struggling,8,0.4419782950858416,0.37912407667652237,3,0.5614086904563286,8,0,45+,student,False,desktop
STU-830F75,at_risk,35,0.32323218321187436,0.06096565542697481,0,0.1366672149123557,1,1,25-34,unemployed,False,mobile
STU-FE8A2E,healthy,13,0.5634758972743908,0.7353797624191247,24,0.9162538769642882,31,0,25-34,full_time,False,desktop
STU-226434,healthy,7,0.9618146061543084,0.6573110250145928,22,0.8036641578443611,12,0,25-34,full_time,False,desktop
STU-52D1CB,healthy,7,0.7907479947394899,0.8161837870842973,7,0.7980256285581531,63,0,25-34,full_time,False,desktop
STU-75CCAE,struggling,9,0.4090783977220199,0.5495780242534868,1,0.3079548145693051,2,0,18-24,full_time,True,desktop
STU-42DC56,seasonal_churn,17,0.393448846522824,0.32294439462981894,3,0.4542361189097297,0,1,25-34,full_time,False,desktop
STU-230A45,struggling,7,0.6060678356084387,0.32263037934129185,0,0.41403752243547987,12,0,18-24,part_time,False,desktop
STU-E776B0,healthy,5,0.7599627868854316,0.8349927351626595,0,0.7394928559572089,45,0,35-44,full_time,False,desktop
STU-42E26C,healthy,12,0.5503012373624976,0.6294940142744285,14,0.7683558793814024,89,0,18-24,student,False,desktop
STU-947806,healthy,10,0.9815225639328666,0.7085770112728292,19,0.9638499073458318,64,0,25-34,part_time,False,mobile
STU-D2DBEE,healthy,10,0.5397105832597028,0.7730418345624284,2,0.6748786058169991,86,0,35-44,student,False,mobile
STU-A6989D,healthy,11,0.764375707867841,0.6968008099410571,5,0.6117996254824876,63,0,18-24,student,False,mobile
STU-3F153B,struggling,17,0.3083669918853518,0.44773609712490353,1,0.3539562005385334,11,0,18-24,part_time,False,desktop
STU-84236A,healthy,3,0.8964407443891501,0.822268377615222,23,0.6786053833073893,31,0,18-24,student,False,desktop
STU-9C33FE,healthy,10,0.983997313773117,0.7264150959793036,8,0.7237400724297329,69,0,35-44,student,False,mobile
STU-1A9240,healthy,0,0.9256125142379268,0.9744628053880803,8,0.66738249388603,4,0,25-34,student,False,desktop
STU-1F4A78,healthy,10,0.7273434442391428,0.9910433456161555,23,0.9628182693381218,71,0,18-24,unemployed,False,desktop
STU-81296E,healthy,0,0.8413133508131703,0.661179050941221,21,0.9183619980208052,24,0,35-44,part_time,True,desktop
STU-38FB30,healthy,11,0.746874175071178,0.600219989694284,24,0.7726447113098455,27,0,35-44,full_time,False,mobile
STU-29F2C4,seasonal_churn,14,0.3424205517170563,0.287744052628278,2,0.4685192948143546,2,1,25-34,full_time,True,desktop
STU-FCBD85,healthy,7,0.878730813733507,0.6309009347783673,16,0.8195911202648828,47,0,18-24,part_time,False,mobile
STU-F1DD6A,healthy,6,0.9024606838599293,0.7253148744237534,4,0.9647104506986851,43,0,18-24,student,False,mobile
STU-5CEB44,healthy,9,0.9078908193490322,0.7461646968574819,22,0.4188373442754639,48,0,25-34,part_time,False,desktop
STU-ACDEA6,healthy,13,0.8214979564106334,0.6974625162937477,24,0.762576976993762,55,0,35-44,part_time,True,desktop
STU-BB3B11,at_risk,37,0.05696315113903434,0.1460890997482231,0,0.13885324454368203,2,1,45+,full_time,False,mobile
STU-4E8D1A,healthy,6,0.8301088771592764,0.6861209054109444,14,0.7138267181990136,85,0,25-34,part_time,False,desktop
STU-6F1E7E,struggling,20,0.4937657981825781,0.5620527695193437,0,0.6747305678206609,9,0,25-34,part_time,False,mobile
STU-D711B9,healthy,2,1.0,0.747441071191862,12,0.711046080297516,52,0,45+,full_time,False,mobile
STU-7EDDB1,healthy,5,0.9164623298130065,0.7100409330786088,24,0.8436837232448767,3,0,45+,part_time,True,desktop
STU-72D140,healthy,4,0.6522802296914305,0.5157897380235464,13,0.6353618069871403,35,0,18-24,part_time,True,mobile
STU-1A8DAC,healthy,9,1.0,0.8771762183077825,1,0.9147734738873814,41,0,35-44,student,False,mobile
STU-379CBC,healthy,1,0.9878964059612467,0.7091518606433147,23,0.9856776676189367,24,0,18-24,student,False,desktop
STU-93E14D,healthy,2,0.8609287991440147,0.8740580082146444,23,0.7571013826644905,78,0,25-34,unemployed,False,desktop
STU-2C0663,healthy,3,0.8468702792465345,0.8025498678554708,14,0.5129381181463601,81,0,25-34,student,False,desktop
STU-3C79D7,healthy,1,0.7687144968521977,0.757953515098228,13,0.5633806435287437,89,0,18-24,unemployed,False,desktop
STU-F76AAE,healthy,0,0.6918374588135637,0.8552766661039862,13,0.7924073753514753,71,0,18-24,part_time,False,desktop
STU-4E90EB,struggling,20,0.47094404798825806,0.4103565831372676,3,0.29006141030468957,9,0,18-24,full_time,False,desktop
STU-94D8FF,at_risk,46,0.23440953980186768,0.04005940683344023,0,0.20372192647712933,3,1,35-44,student,False,desktop
STU-D4E5AE,healthy,11,1.0,0.6238021270309351,8,0.9702715163276466,69,0,25-34,unemployed,False,desktop
STU-7CEB76,healthy,3,0.965087589046145,0.9650392585970341,1,0.9341911243722221,68,0,18-24,part_time,False,desktop
STU-538C73,struggling,12,0.4488887624311806,0.5523748236588997,2,0.5853677803223806,4,0,25-34,student,False,desktop
STU-ECB8DF,healthy,12,0.9418118657434166,0.6581559335738374,2,0.6022620986605032,21,0,35-44,student,False,mobile
STU-7AAF6F,healthy,1,0.5815666299053339,0.6504514353855083,5,0.7533584134587205,18,0,25-34,full_time,False,mobile
STU-5E8534,healthy,5,0.8411550687237257,0.4992909728738749,5,0.7181039498101861,85,0,18-24,student,False,desktop
STU-2AB3C4,healthy,5,0.9131157070557029,0.9025183353332845,23,0.6470909644136967,83,0,25-34,unemployed,False,desktop
STU-73B3CB,healthy,0,0.9049159898572398,0.5420080225215242,2,0.9104651959647666,74,0,35-44,unemployed,False,mobile
STU-ED7271,struggling,16,0.4327755600421144,0.4518292916143508,1,0.4446710455790119,3,0,18-24,part_time,False,mobile
STU-FE1419,at_risk,32,0.3313860176672588,0.1637826114661855,1,0.09761459582258344,4,1,25-34,full_time,False,mobile
STU-CDD4A6,healthy,13,0.9493400046085025,0.7840033485544532,4,0.6656482741468285,52,0,45+,part_time,False,desktop
STU-AF7D62,healthy,9,0.7992338762459771,0.6315221359776751,1,0.9940490579469131,13,0,35-44,student,True,desktop
STU-B6ACD8,struggling,18,0.456549327419331,0.39266991091189646,3,0.626136206604552,5,0,35-44,student,False,mobile
STU-01A909,healthy,0,0.7170971426212345,0.7878651916075636,5,0.9050782445869802,60,0,25-34,part_time,False,desktop
STU-F4AE15,healthy,2,0.7446503079157457,0.8988062441109501,8,0.543755670190799,14,0,18-24,unemployed,False,mobile
STU-F7A4FB,healthy,7,0.7022754802157106,0.5391992437849565,15,0.7079313171349927,67,0,35-44,student,True,desktop
STU-468786,healthy,12,0.568725966991152,0.8226547126602047,9,0.8062695867999371,65,0,18-24,student,False,mobile
STU-270342,healthy,11,0.517305794307991,0.9580095046278807,18,0.8502385323429301,84,0,35-44,part_time,True,desktop
STU-190FA4,healthy,11,1.0,0.7905978681777662,8,1.0,77,0,25-34,student,False,mobile
STU-E5A27D,healthy,4,0.7581780149383941,0.8577665798326055,0,0.830839197089172,76,0,35-44,student,False,desktop
STU-D88198,healthy,12,0.6037292453780536,0.7815608650120078,0,0.6000227087790374,44,0,18-24,part_time,False,mobile
STU-3B257E,healthy,0,0.9913085741789068,0.591736059063203,15,0.6559861027326759,41,0,18-24,student,True,mobile
STU-974639,healthy,13,0.7936254310167761,0.6596317702357363,0,0.7169910956675434,52,0,18-24,student,False,desktop
STU-2F5C25,healthy,6,0.7584526140194593,0.825128859457001,23,0.9622850515175089,36,0,35-44,student,True,mobile
STU-02FB8C,healthy,7,0.7541755389952313,0.613715446717567,5,0.661424917404511,26,0,45+,full_time,False,mobile
STU-79EA8D,healthy,5,0.783108441505744,0.9141397555377577,13,0.5732617071574532,22,0,35-44,part_time,False,desktop
STU-6734E8,ghost,90,0.040664185157434245,0.00022922077097847806,0,0.08104155382137923,0,1,18-24,part_time,False,mobile
STU-805830,struggling,10,0.5110422844500301,0.49370772769241966,0,0.37646310724072296,12,0,18-24,part_time,True,mobile
STU-37F81B,struggling,18,0.4897656706630293,0.38566065604722055,4,0.5027780319186814,11,0,25-34,unemployed,False,desktop
STU-0A5B46,healthy,11,0.7619269830981408,0.716437598260379,22,0.8072068253908449,36,0,18-24,student,False,desktop
STU-A0D4D3,healthy,12,0.8291677857508332,0.9981281736377984,13,0.8291468215833724,49,0,18-24,full_time,False,mobile
STU-E88C05,healthy,7,0.863415642473351,0.804768351410938,5,0.7441275657021424,23,0,25-34,part_time,False,mobile
STU-CBD0A3,healthy,1,0.7758014877104108,0.602312116492426,13,0.5635127026996194,42,0,25-34,unemployed,True,mobile
STU-DF0E44,healthy,7,0.8206186293295027,0.7180787508251376,19,0.657464320303905,3,0,18-24,student,False,desktop
STU-64B930,healthy,1,0.5962336656220294,0.5284864041459837,0,0.6063416130789506,74,0,25-34,full_time,False,desktop
STU-64AF71,healthy,11,0.7597438039512117,0.728890420124685,16,0.7318609621366379,71,0,45+,student,True,desktop
STU-0F7074,healthy,12,0.9032534387156606,1.0,3,0.75556806546593,23,0,25-34,student,False,desktop
STU-0CAEF4,seasonal_churn,24,0.35882233441667444,0.37888338333852173,0,0.4268416548119938,3,1,35-44,part_time,False,desktop
STU-8942A9,healthy,11,0.8882843928818507,0.7918633654836633,10,0.5722526852808314,39,0,18-24,full_time,False,desktop
STU-F201D8,healthy,8,0.684849092273715,0.6047703301313436,21,0.5478651502875596,51,0,35-44,full_time,False,mobile
STU-9AF8FD,healthy,5,0.9994362539954672,0.9700679466118248,21,0.7318816010086953,38,0,18-24,student,False,desktop
STU-479AE1,struggling,8,0.40479762728100116,0.4448193341457235,4,0.33073779078009347,4,0,35-44,part_time,False,desktop
STU-2D93E6,healthy,7,0.764748232905513,0.8163062016279121,18,0.5783954074825362,44,0,25-34,part_time,False,desktop
STU-F7AFF0,at_risk,35,0.3020661224779393,0.0879333428645147,0,0.0,4,1,18-24,unemployed,False,mobile
STU-91EF65,healthy,11,0.5909904936758023,0.4843627409141052,18,0.8677081388332761,16,0,35-44,student,False,desktop
STU-52BCFF,healthy,5,0.6173392836127698,0.7343714696372241,14,1.0,82,0,25-34,student,False,desktop
STU-7C8980,ghost,90,0.03255366312653761,0.0,0,,0,1,25-34,unemployed,False,mobile
STU-CFB7CD,healthy,0,0.7530469615071234,0.8253460885445195,17,0.7586956135254576,17,0,35-44,student,False,desktop
STU-75CA77,at_risk,54,0.11067452522561885,0.17990289948199584,0,0.08301988425359486,3,1,18-24,unemployed,False,mobile
STU-DF3B7D,struggling,14,0.5630424220403646,0.49078304072722934,1,0.44465302759409353,0,0,25-34,unemployed,False,mobile
STU-E2994B,healthy,0,0.5747177468196553,0.7263220541999356,0,0.578323321526444,29,0,18-24,part_time,False,desktop
STU-B0F45B,struggling,17,0.5192822304357838,0.5715257088740733,4,0.3881043455762114,12,0,35-44,part_time,False,mobile
STU-DC84B9,healthy,11,0.8759542369575527,0.9272480943180901,9,0.8974939358410089,67,0,25-34,student,False,mobile
STU-64080F,healthy,7,0.6063525016517836,0.8200854654399509,2,0.6509511698676868,19,0,45+,full_time,False,desktop
STU-DA6249,struggling,10,0.5653245737580525,0.37679447762190976,2,0.38499120928269304,7,0,25-34,part_time,False,mobile
STU-6A96D1,healthy,0,0.829392595836411,0.5699424216857348,18,0.7609125715127337,17,0,18-24,full_time,False,desktop
STU-B74D0F,healthy,7,0.8535904840593266,0.9019305807163344,6,0.8518530568130942,27,0,18-24,student,False,desktop
STU-77A8E8,healthy,12,0.8632702788174549,0.9652546817933046,10,1.0,61,0,25-34,part_time,True,desktop
STU-1975B3,struggling,18,0.5916530478629867,0.5856540599960202,2,0.40869606664303954,8,0,18-24,full_time,True,mobile
STU-C5A2D3,healthy,6,0.5785513227781373,0.9463294461716752,19,0.849899567225268,68,0,35-44,student,False,desktop
STU-D064F6,healthy,4,0.8793125034412228,0.9117070063765648,24,0.6175047996546597,59,0,25-34,part_time,False,mobile
STU-D850C5,struggling,10,0.4761330036006072,0.2632524651991414,0,0.5183171751858844,7,0,45+,student,False,mobile
STU-F0D0D9,healthy,6,0.5030382415004001,0.8247034339924894,19,0.7703159965311085,80,0,35-44,student,False,desktop
STU-E7E167,ghost,90,0.0,0.0,0,0.006988914950153612,0,1,18-24,unemployed,False,mobile
STU-312EDB,healthy,10,0.6997715485295448,0.6833069809798592,22,0.6353006698291552,85,0,18-24,part_time,True,mobile
STU-A82DB5,healthy,4,0.5866437846828727,0.7028539442219363,24,0.5618947225425479,49,0,35-44,part_time,False,desktop
STU-D68E18,healthy,1,0.9458206511875207,0.773451581231114,14,0.8643433267802444,39,0,25-34,student,False,desktop
STU-9FC4C5,healthy,12,0.6775841472638845,0.7032976636176906,24,0.6837459415469735,37,0,45+,student,False,desktop
STU-83485B,struggling,17,0.38614309720365114,0.2990172567883836,1,0.31607789564472677,3,0,18-24,unemployed,False,mobile
STU-328CB4,healthy,2,0.8252170226046924,1.0,9,0.6024909919028619,16,0,45+,student,False,mobile
STU-9BA685,healthy,8,1.0,0.8871324174677246,22,0.9640478989995735,64,0,35-44,part_time,False,desktop
STU-3DF561,struggling,17,0.4398577183291985,0.29417313356094676,3,0.5125222574947625,2,0,35-44,student,False,mobile
STU-CC7EA3,at_risk,30,0.3512360413531699,0.23652915552095455,1,0.2467251022238562,2,1,18-24,student,False,mobile
STU-1B9C68,at_risk,55,0.18076696616989155,0.011233193351772919,1,0.30647077030674963,3,1,35-44,student,False,mobile
STU-9D70A0,healthy,6,0.8742954987253664,0.9191114283950247,13,0.5758752547381268,71,0,45+,student,False,desktop
STU-D155E7,healthy,7,0.7276751123014293,0.7317197789618445,6,0.8072361593793076,25,0,25-34,student,False,mobile
STU-5C54F2,struggling,7,0.33507179121388164,0.2973155080926353,0,0.2754591344435198,8,0,18-24,full_time,True,desktop
STU-9ECD87,healthy,11,0.7617640281887115,0.6281835822562358,6,0.8657373822284514,38,0,35-44,full_time,True,desktop
STU-D09514,healthy,11,0.6937769582062312,1.0,10,0.8448765994014761,38,0,18-24,part_time,False,desktop
STU-42038A,healthy,4,0.6518897756374866,0.7512352371757588,1,0.7372844075863032,59,0,25-34,full_time,False,desktop
STU-AE74DD,at_risk,55,0.12765138421812353,0.1211288390588092,0,0.0870966027838284,0,1,45+,student,False,desktop
STU-DB6C9E,healthy,13,0.5645136955810638,0.5787776146298204,23,0.8168959974165437,44,0,25-34,student,False,mobile
STU-3D8CE3,healthy,10,0.7653018429405015,0.623640867709687,11,0.476624528582079,76,0,25-34,student,False,desktop
STU-757085,healthy,1,0.7746699744472916,1.0,23,0.6191643800367523,32,0,25-34,student,False,mobile
STU-DDFCE7,struggling,18,0.6947860227355567,0.36245786328173135,2,0.6871513043037721,12,0,35-44,part_time,False,mobile
STU-46B16B,healthy,7,0.8915101700649716,0.6619603554526396,12,0.684847810655562,65,0,18-24,part_time,False,desktop
STU-BB8305,healthy,6,0.706414337470272,0.5608875578980239,15,0.6357873669568582,86,0,18-24,part_time,True,desktop
STU-BB492E,healthy,7,0.7548719371149815,0.653336967978966,6,0.7782054184356876,46,0,18-24,part_time,False,desktop
STU-54D8AB,healthy,0,0.9400040619091019,0.5666293794361202,3,0.7089186308119315,30,0,25-34,unemployed,False,desktop
STU-A5AD21,struggling,13,0.35053004243874925,0.4185149419221327,3,0.4794206149397147,0,0,45+,full_time,True,desktop
STU-8B246D,healthy,7,0.7446981553965537,0.6042140593970374,15,0.8047609322573149,41,0,25-34,part_time,False,desktop
STU-E2C0D1,healthy,4,0.6098216181025615,0.7913376124484041,16,0.801827597326173,70,0,25-34,part_time,False,mobile
STU-3994DD,at_risk,30,0.0,0.2844114442887029,0,0.21004439900405628,2,1,45+,part_time,False,desktop
STU-25F5E0,seasonal_churn,20,0.5346263932582109,0.204386311102119,0,0.37952313460683373,2,1,45+,full_time,True,desktop
STU-0F01C0,struggling,15,0.6344252190628789,0.3855892401790563,1,0.3895970047069047,4,0,18-24,part_time,False,mobile
STU-B990E6,at_risk,41,0.09658766657953222,0.1920798013071643,0,0.21539834289427137,4,1,18-24,full_time,False,mobile
STU-8C12B1,healthy,1,0.7664849460414347,0.5430056034848363,3,0.8327336783878418,32,0,45+,unemployed,False,desktop
STU-15ABB6,healthy,7,0.6659085556457217,0.7958537379929476,16,0.8294328196338064,42,0,25-34,part_time,True,mobile
STU-CD294F,struggling,13,0.5314753108002921,0.2744431959618076,1,0.5108172852351546,3,0,25-34,student,True,desktop
STU-9887F6,struggling,20,0.5873386086014785,0.2491381616420027,4,0.28378927573661394,4,0,18-24,student,False,desktop
STU-B942DD,healthy,12,0.8181999598456936,0.7077090536528023,4,0.8447963544803643,71,0,25-34,student,False,mobile
STU-84AB9C,healthy,0,0.8494169206522334,0.48876248689595325,17,0.5531038396359296,50,0,35-44,student,True,desktop
STU-79BB36,healthy,3,0.628082153480257,0.5962070691454127,5,0.8595968643289451,68,0,45+,student,True,desktop
STU-6E5E7B,healthy,8,0.7206560901550134,0.5863605542960908,2,0.7568663879952792,75,0,45+,unemployed,False,desktop
STU-162182,healthy,5,0.8681803119158643,0.8891098943606485,15,0.7401186016463397,21,0,35-44,part_time,False,mobile
STU-146C5D,at_risk,31,0.11899533653221656,0.007476309042362184,1,0.08108056146181357,3,1,18-24,unemployed,False,mobile
STU-9C9394,healthy,5,0.637572888800709,0.945783157314381,20,0.7135324476472336,78,0,18-24,part_time,True,mobile
STU-DF4835,struggling,8,0.3968166291264065,0.5188569836267609,0,0.5822963691005574,3,0,18-24,part_time,False,desktop
STU-20FEE9,healthy,11,0.6833725008347394,0.7105140048603135,0,0.881255796709988,20,0,25-34,student,True,mobile
STU-700E7F,healthy,3,0.938317338104665,0.7629568775320067,15,0.7775395753678108,88,0,18-24,part_time,False,desktop
STU-F45203,healthy,11,0.8776349146525164,0.6064027358860583,24,0.629866307450308,25,0,18-24,full_time,False,mobile
STU-326201,healthy,2,0.7157120234572589,0.5192970121761437,14,0.5967119700679708,39,0,25-34,part_time,False,mobile
STU-E1BA3A,struggling,18,0.45151495406812786,0.3994019316841956,2,0.594224728078136,8,0,25-34,student,False,desktop
STU-A5C85A,healthy,8,0.8830485543640969,0.6429179118222683,11,0.9907929577806017,86,0,25-34,part_time,True,desktop
STU-F72C13,healthy,7,0.5746991890547265,0.7691474356000945,6,0.5885844923913047,5,0,45+,student,False,desktop
STU-0999FC,healthy,12,0.8164072896898534,0.8884555689041262,17,0.8363080257533613,51,0,18-24,student,False,desktop
STU-D5BA5A,healthy,12,0.7152874817935484,0.9123276131374977,3,0.7825547383716469,67,0,45+,student,False,desktop
STU-66C5B2,healthy,1,1.0,0.6476571820973125,13,0.8417754478226664,37,0,18-24,student,False,desktop
STU-FD94F9,struggling,10,0.43915287267669156,0.2734660518294574,2,0.40291527691598916,12,0,25-34,student,True,desktop
STU-D7C69A,healthy,6,0.6612151841046211,0.616413532009939,6,0.855236535692205,55,0,25-34,student,False,desktop
STU-6C48D6,healthy,5,0.663105691401347,0.8797544712340468,3,0.7547704116218368,18,0,35-44,full_time,True,mobile
STU-826A2E,healthy,7,0.8837877022113507,0.6070027777894833,14,0.8557483224929662,76,0,35-44,part_time,True,mobile
STU-E4DDD9,healthy,3,0.6303579043487572,0.7553137827968441,23,0.9836797693854328,20,0,35-44,student,False,desktop
STU-98B53F,healthy,5,0.8501820393414757,0.6905685142892148,14,0.9411258053739803,28,0,18-24,student,False,desktop
STU-C6866F,healthy,8,0.8580283681511311,1.0,14,0.6570940203613944,22,0,18-24,full_time,True,desktop
STU-BCE2C0,healthy,11,0.8924521045016267,0.5414198200935342,9,1.0,17,0,25-34,unemployed,False,desktop
STU-50456B,struggling,10,0.5331129655124976,0.521309159455049,1,0.4341392502727731,0,0,25-34,part_time,False,desktop
STU-C960EE,healthy,2,0.7483934661958376,0.9258521095773634,16,0.6519595377669999,81,0,18-24,part_time,False,mobile
STU-168219,at_risk,39,0.21585390358296838,0.10043712193752383,1,0.09286934941567473,3,1,18-24,full_time,True,desktop
STU-71FCB7,healthy,8,0.7447686075363846,0.9249376963268658,11,0.7971315404152641,49,0,25-34,part_time,True,desktop
STU-5FD5AA,healthy,9,0.6433163496944602,0.8953829461424965,20,0.704213825261201,35,0,18-24,part_time,False,desktop
STU-34C9B7,healthy,0,0.9871069473488687,0.7516226385864896,16,0.709147747752242,41,0,18-24,student,False,desktop
STU-C5995D,seasonal_churn,13,0.5448393076616813,0.4812036905331539,3,0.4303213925475403,3,1,25-34,full_time,False,desktop
STU-3C55C4,healthy,9,0.8652529011213157,0.6008748033984621,16,0.6328851009442712,40,0,25-34,student,False,desktop
STU-4599C4,healthy,4,0.8683117656172101,0.623388905716149,16,0.8742126050875779,30,0,45+,part_time,False,mobile
STU-CF4011,healthy,0,0.6185624011428477,0.7147260270911142,20,0.6793247856694428,23,0,25-34,full_time,False,mobile
STU-2ADFB4,healthy,4,0.7117147101956623,0.7069617145562272,16,0.61457072983532,22,0,25-34,full_time,False,desktop
STU-03A387,healthy,10,0.7526868639610471,0.8880003521749781,21,0.8900351350250725,64,0,25-34,part_time,False,desktop
STU-52EC92,healthy,2,0.9332304867216038,0.9358275045223042,3,0.7627193622660747,27,0,18-24,student,False,mobile
STU-F8F09E,healthy,7,0.8460025095594323,0.802438757365678,4,0.9228438618882202,18,0,18-24,part_time,False,desktop
STU-F4F497,at_risk,39,0.20686025469449443,0.08355324237218636,1,0.30139983060899966,4,1,25-34,student,True,mobile
STU-EB3033,healthy,6,0.5941055411352489,0.6621405492925578,11,0.8064921015810637,12,0,18-24,full_time,False,mobile
STU-44F4A1,healthy,10,0.7541803446540193,0.8436047140383126,3,0.5930751508132428,11,0,35-44,student,False,desktop
STU-CCEBF3,healthy,2,0.9073565017946783,0.6429997592862084,24,0.9864939535798634,85,0,18-24,student,False,desktop
STU-8DF939,healthy,6,0.6664844704225497,0.7255603904196612,5,0.955676340991499,47,0,18-24,full_time,False,mobile
STU-C097D4,healthy,0,0.5630548482415112,0.6891801238319767,8,0.9598384390206204,74,0,35-44,part_time,False,desktop
STU-89D1B8,at_risk,31,0.3118682809769763,0.10213920734129725,0,0.292718757833572,4,1,18-24,unemployed,False,desktop
STU-225B37,seasonal_churn,17,0.5267142532402561,0.4080368654825251,0,0.29202291660513024,2,1,35-44,full_time,True,desktop
STU-2DD937,healthy,1,0.8348576708366326,0.8838356041419873,1,1.0,14,0,25-34,student,True,desktop
STU-A55DD4,healthy,4,0.6302941207283538,0.9125417997801567,23,0.6608080446883949,23,0,18-24,student,False,desktop
STU-8EA63E,healthy,1,0.7497138239265548,0.7463424227904981,12,0.8763226821783776,38,0,45+,unemployed,False,desktop
STU-38910F,healthy,1,0.6867807388537023,0.7441869266836093,17,0.816775426644729,74,0,18-24,student,True,desktop
STU-703BE5,healthy,8,0.9121040939364448,0.9697693013557205,23,0.6844755582566207,26,0,35-44,student,False,desktop
STU-D58C36,healthy,11,0.636285541792168,0.5510194072177992,12,0.5449983150365,67,0,25-34,full_time,False,desktop
STU-5FD857,healthy,2,0.9615909967757144,0.6875357709038389,8,0.8825495775352904,49,0,18-24,part_time,True,desktop
STU-906641,healthy,12,0.908637145045509,0.7150072884935889,3,0.8355566909546109,45,0,25-34,student,False,desktop
